Timestamp,Noise (dB),Light (lux),Temperature (C)
2021-01-01 00:01:15,59.6,2.07,25.65
2021-01-01 00:01:35,53.95,2.19,25.62
2021-01-01 00:01:55,97.51,2.19,25.61
2021-01-01 00:02:16,82.6,2.19,25.58
2021-01-01 00:02:36,55.73,2.19,25.58
2021-01-01 00:02:56,73.34,2.07,25.59
2021-01-01 00:03:17,66.85,2.13,25.59
2021-01-01 00:03:37,54.72,2.07,25.62
2021-01-01 00:03:57,53.47,2.13,25.63
2021-01-01 00:04:18,54.84,2.19,25.66
2021-01-01 00:04:38,52.59,1.96,25.58
2021-01-01 00:04:58,55.36,2.13,25.57
2021-01-01 00:05:19,53.79,2.19,25.59
2021-01-01 00:05:39,57.26,2.19,25.55
2021-01-01 00:05:59,53.31,2.19,25.46
2021-01-01 00:06:19,54.8,2.19,25.54
2021-01-01 00:06:40,53.03,2.19,25.6
2021-01-01 00:07:00,63.42,2.19,25.55
2021-01-01 00:07:20,56.41,2.19,25.49
2021-01-01 00:07:41,56.05,2.19,25.41
2021-01-01 00:08:02,56.66,2.19,25.46
2021-01-01 00:08:22,52.14,2.19,25.59
2021-01-01 00:08:43,55.89,2.19,25.55
2021-01-01 00:09:03,55.93,2.19,25.47
2021-01-01 00:09:23,55.85,2.19,25.48
2021-01-01 00:09:43,54.36,2.19,25.44
2021-01-01 00:10:03,55.2,2.19,25.4
2021-01-01 00:10:24,53.23,2.19,25.48
2021-01-01 00:10:44,54.28,2.19,25.57
2021-01-01 00:11:04,54.16,2.19,25.36
2021-01-01 00:11:25,52.75,2.19,25.46
2021-01-01 00:11:45,53.07,2.19,25.47
2021-01-01 00:12:05,53.15,2.19,25.43
2021-01-01 00:12:25,57.91,2.19,25.41
2021-01-01 00:12:46,53.27,2.19,25.38
2021-01-01 00:13:06,55.16,2.19,25.46
2021-01-01 00:13:26,53.07,2.19,25.47
2021-01-01 00:13:46,54.2,2.19,25.44
2021-01-01 00:14:06,55.65,2.19,25.42
2021-01-01 00:14:27,56.46,2.19,25.39
2021-01-01 00:14:47,51.7,2.19,25.39
2021-01-01 00:15:07,54.76,2.19,25.41
2021-01-01 00:15:28,52.63,2.19,25.42
2021-01-01 00:15:48,51.18,2.19,25.33
2021-01-01 00:16:08,53.07,2.19,25.44
2021-01-01 00:16:28,52.67,2.13,25.47
2021-01-01 00:16:48,57.34,2.19,25.46
2021-01-01 00:17:09,54.6,2.19,25.5
2021-01-01 00:17:29,56.58,2.19,25.44
2021-01-01 00:17:49,54.16,2.19,25.5
2021-01-01 00:18:09,55.04,2.19,25.48
2021-01-01 00:18:30,55.61,2.19,25.49
2021-01-01 00:18:50,54.68,2.13,25.49
2021-01-01 00:19:10,56.13,2.19,25.45
2021-01-01 00:19:30,51.3,2.13,25.52
2021-01-01 00:19:51,52.67,2.19,25.49
2021-01-01 00:20:11,55.0,2.19,25.54
2021-01-01 00:20:31,54.84,2.13,25.52
2021-01-01 00:20:51,52.38,2.19,25.56
2021-01-01 00:21:12,56.9,2.19,25.57
2021-01-01 00:21:32,52.59,2.19,25.55
2021-01-01 00:21:52,54.56,2.19,25.56
2021-01-01 00:22:12,52.42,2.19,25.58
2021-01-01 00:22:33,53.51,2.19,25.59
2021-01-01 00:22:53,52.22,2.13,25.59
2021-01-01 00:23:13,50.97,2.19,25.6
2021-01-01 00:23:33,55.85,2.19,25.58
2021-01-01 00:23:54,51.14,2.19,25.62
2021-01-01 00:24:14,51.98,2.13,25.62
2021-01-01 00:24:34,53.63,2.19,25.6
2021-01-01 00:24:54,54.36,2.19,25.63
2021-01-01 00:25:15,52.91,2.19,25.62
2021-01-01 00:25:35,51.54,2.13,25.62
2021-01-01 00:25:55,52.26,2.19,25.63
2021-01-01 00:26:15,54.16,2.13,25.66
2021-01-01 00:26:36,50.89,2.19,25.61
2021-01-01 00:26:56,55.28,2.13,25.66
2021-01-01 00:27:16,56.98,2.19,25.6
2021-01-01 00:27:36,52.34,2.13,25.62
2021-01-01 00:27:57,53.11,2.19,25.65
2021-01-01 00:28:17,56.7,2.19,25.66
2021-01-01 00:28:37,56.66,2.13,25.64
2021-01-01 00:28:57,54.28,2.13,25.66
2021-01-01 00:29:17,56.09,2.13,25.66
2021-01-01 00:29:38,54.4,2.19,25.68
2021-01-01 00:29:58,54.12,2.13,25.66
2021-01-01 00:30:18,52.83,2.13,25.68
2021-01-01 00:30:38,56.21,2.13,25.67
2021-01-01 00:30:59,56.05,2.19,25.68
2021-01-01 00:31:19,53.35,2.13,25.68
2021-01-01 00:31:39,52.59,2.13,25.69
2021-01-01 00:31:59,55.16,2.13,25.7
2021-01-01 00:32:19,54.76,2.13,25.7
2021-01-01 00:32:40,50.77,2.13,25.7
2021-01-01 00:33:00,53.35,2.19,25.7
2021-01-01 00:33:20,54.92,2.13,25.69
2021-01-01 00:33:40,56.13,2.13,25.67
2021-01-01 00:34:01,55.32,2.13,25.7
2021-01-01 00:34:21,51.18,2.13,25.69
2021-01-01 00:34:41,54.52,2.07,25.7
2021-01-01 00:35:02,57.38,2.13,25.71
2021-01-01 00:35:22,55.08,2.13,25.7
2021-01-01 00:35:42,55.08,2.13,25.73
2021-01-01 00:36:02,52.54,2.13,25.7
2021-01-01 00:36:23,57.26,2.13,25.71
2021-01-01 00:36:43,55.04,2.13,25.69
2021-01-01 00:37:03,54.04,2.13,25.71
2021-01-01 00:37:24,53.07,2.13,25.72
2021-01-01 00:37:44,53.95,2.13,25.73
2021-01-01 00:38:04,51.94,2.13,25.72
2021-01-01 00:38:24,50.77,2.13,25.72
2021-01-01 00:38:45,52.22,2.13,25.73
2021-01-01 00:39:05,55.81,2.13,25.72
2021-01-01 00:39:25,55.65,2.13,25.73
2021-01-01 00:39:45,53.03,2.13,25.73
2021-01-01 00:40:05,51.74,2.13,25.73
2021-01-01 00:40:26,52.02,2.13,25.73
2021-01-01 00:40:46,50.13,2.13,25.72
2021-01-01 00:41:06,54.2,2.13,25.74
2021-01-01 00:41:26,51.38,2.13,25.74
2021-01-01 00:41:47,50.89,2.13,25.75
2021-01-01 00:42:07,53.87,2.13,25.73
2021-01-01 00:42:27,54.04,2.13,25.73
2021-01-01 00:42:47,53.79,2.13,25.74
2021-01-01 00:43:07,53.31,2.13,25.74
2021-01-01 00:43:28,52.34,2.13,25.74
2021-01-01 00:43:48,54.32,2.13,25.76
2021-01-01 00:44:08,51.74,2.13,25.76
2021-01-01 00:44:28,53.83,2.13,25.76
2021-01-01 00:44:48,55.77,2.13,25.76
2021-01-01 00:45:09,55.32,2.13,25.76
2021-01-01 00:45:29,53.07,2.13,25.76
2021-01-01 00:45:49,53.95,2.13,25.77
2021-01-01 00:46:09,52.71,2.13,25.76
2021-01-01 00:46:30,53.07,2.13,25.76
2021-01-01 00:46:50,53.79,2.13,25.76
2021-01-01 00:47:10,54.08,2.13,25.76
2021-01-01 00:47:30,55.65,2.13,25.77
2021-01-01 00:47:50,53.11,2.13,25.77
2021-01-01 00:48:11,55.77,2.13,25.77
2021-01-01 00:48:31,54.44,2.13,25.75
2021-01-01 00:48:51,55.49,2.13,25.76
2021-01-01 00:49:11,54.4,2.19,25.77
2021-01-01 00:49:32,53.95,2.07,25.75
2021-01-01 00:49:52,54.48,2.07,25.76
2021-01-01 00:50:12,52.14,2.13,25.77
2021-01-01 00:50:32,51.78,2.13,25.77
2021-01-01 00:50:53,54.8,2.13,25.76
2021-01-01 00:51:13,53.43,2.13,25.76
2021-01-01 00:51:33,51.22,2.13,25.77
2021-01-01 00:51:53,55.85,2.13,25.75
2021-01-01 00:52:14,56.25,2.13,25.75
2021-01-01 00:52:34,52.22,2.13,25.75
2021-01-01 00:52:54,54.68,2.13,25.75
2021-01-01 00:53:15,55.97,2.07,25.74
2021-01-01 00:53:35,55.85,2.07,25.73
2021-01-01 00:53:55,54.44,2.13,25.73
2021-01-01 00:54:15,55.53,2.07,25.73
2021-01-01 00:54:35,54.6,2.07,25.72
2021-01-01 00:54:56,55.81,2.07,25.72
2021-01-01 00:55:16,55.0,2.13,25.72
2021-01-01 00:55:36,54.68,2.13,25.71
2021-01-01 00:55:56,53.19,2.07,25.72
2021-01-01 00:56:17,56.41,2.13,25.72
2021-01-01 00:56:37,53.95,2.07,25.73
2021-01-01 00:56:57,52.63,2.13,25.71
2021-01-01 00:57:17,54.6,2.07,25.72
2021-01-01 00:57:37,54.72,2.07,25.7
2021-01-01 00:57:58,54.36,2.07,25.7
2021-01-01 00:58:18,54.84,2.07,25.69
2021-01-01 00:58:39,53.23,2.07,25.7
2021-01-01 00:58:59,53.51,2.07,25.68
2021-01-01 00:59:19,54.96,2.07,25.67
2021-01-01 00:59:39,55.16,2.13,25.66
2021-01-01 00:59:59,55.24,2.07,25.66
2021-01-01 01:00:20,52.67,2.13,25.67
2021-01-01 01:00:40,55.61,2.13,25.66
2021-01-01 01:01:00,53.03,2.13,25.66
2021-01-01 01:01:21,55.89,2.13,25.67
2021-01-01 01:01:41,55.77,2.13,25.66
2021-01-01 01:02:01,54.2,2.13,25.67
2021-01-01 01:02:21,54.36,2.13,25.67
2021-01-01 01:02:42,52.59,2.13,25.66
2021-01-01 01:03:02,55.49,2.13,25.66
2021-01-01 01:03:22,53.59,2.13,25.68
2021-01-01 01:03:42,52.75,2.13,25.67
2021-01-01 01:04:03,52.26,2.13,25.68
2021-01-01 01:04:23,51.62,2.13,25.67
2021-01-01 01:04:43,52.79,2.13,25.67
2021-01-01 01:05:03,53.95,2.13,25.67
2021-01-01 01:05:24,52.99,2.13,25.66
2021-01-01 01:05:44,53.91,2.13,25.67
2021-01-01 01:06:04,56.05,2.07,25.68
2021-01-01 01:06:24,55.77,2.13,25.66
2021-01-01 01:06:45,52.71,2.13,25.66
2021-01-01 01:07:05,56.09,2.13,25.66
2021-01-01 01:07:25,54.0,2.13,25.65
2021-01-01 01:07:45,51.26,2.07,25.66
2021-01-01 01:08:06,53.35,2.13,25.66
2021-01-01 01:08:26,50.17,2.36,25.66
2021-01-01 01:08:46,54.0,2.42,25.65
2021-01-01 01:09:06,54.44,2.13,25.65
2021-01-01 01:09:27,52.06,2.13,25.65
2021-01-01 01:09:47,53.87,2.13,25.65
2021-01-01 01:10:07,52.26,2.13,25.65
2021-01-01 01:10:28,54.0,2.13,25.64
2021-01-01 01:10:48,53.67,2.13,25.63
2021-01-01 01:11:08,58.63,2.07,25.64
2021-01-01 01:11:28,52.46,2.13,25.62
2021-01-01 01:11:49,53.87,2.13,25.63
2021-01-01 01:12:09,51.05,2.13,25.62
2021-01-01 01:12:29,54.36,2.13,25.62
2021-01-01 01:12:50,54.08,2.13,25.62
2021-01-01 01:13:10,54.12,2.13,25.62
2021-01-01 01:13:30,54.4,2.13,25.6
2021-01-01 01:13:51,53.83,2.13,25.61
2021-01-01 01:14:11,56.62,2.13,25.61
2021-01-01 01:14:31,53.27,2.13,25.62
2021-01-01 01:14:51,52.79,2.13,25.62
2021-01-01 01:15:12,54.56,2.07,25.6
2021-01-01 01:15:32,53.55,2.07,25.61
2021-01-01 01:15:52,52.42,2.07,25.6
2021-01-01 01:16:12,54.84,2.07,25.59
2021-01-01 01:16:33,53.39,2.07,25.6
2021-01-01 01:16:53,55.45,2.07,25.58
2021-01-01 01:17:13,56.74,2.02,25.6
2021-01-01 01:17:34,53.83,2.02,25.6
2021-01-01 01:17:54,54.28,2.02,25.58
2021-01-01 01:18:14,54.0,2.07,25.6
2021-01-01 01:18:35,54.28,2.07,25.58
2021-01-01 01:18:55,54.28,2.07,25.56
2021-01-01 01:19:15,52.75,2.07,25.53
2021-01-01 01:19:35,54.6,2.02,25.53
2021-01-01 01:19:56,54.36,2.02,25.54
2021-01-01 01:20:16,53.47,2.07,25.54
2021-01-01 01:20:36,53.27,2.13,25.52
2021-01-01 01:20:57,53.23,2.13,25.5
2021-01-01 01:21:17,53.67,2.13,25.48
2021-01-01 01:21:37,55.36,2.13,25.51
2021-01-01 01:21:57,53.95,2.13,25.49
2021-01-01 01:22:18,55.85,2.13,25.49
2021-01-01 01:22:38,52.46,2.13,25.5
2021-01-01 01:22:58,54.76,2.42,25.46
2021-01-01 01:23:18,53.07,2.48,25.51
2021-01-01 01:23:39,54.96,2.13,25.49
2021-01-01 01:23:59,59.03,2.53,25.5
2021-01-01 01:24:19,68.7,1.96,25.46
2021-01-01 01:24:39,55.53,1.96,25.48
2021-01-01 01:25:00,54.6,1.9,25.48
2021-01-01 01:25:20,55.08,1.9,25.48
2021-01-01 01:25:40,53.35,1.9,25.48
2021-01-01 01:26:01,54.16,1.96,25.47
2021-01-01 01:26:21,54.36,1.9,25.48
2021-01-01 01:26:41,55.57,1.96,25.48
2021-01-01 01:27:01,51.14,1.96,25.44
2021-01-01 01:27:22,53.87,1.9,25.45
2021-01-01 01:27:42,54.8,1.9,25.46
2021-01-01 01:28:02,55.85,1.96,25.43
2021-01-01 01:28:22,52.63,1.96,25.46
2021-01-01 01:28:43,54.96,1.96,25.46
2021-01-01 01:29:03,53.67,1.9,25.46
2021-01-01 01:29:23,52.5,1.9,25.44
2021-01-01 01:29:43,57.06,1.9,25.46
2021-01-01 01:30:04,52.54,1.9,25.41
2021-01-01 01:30:24,54.92,1.9,25.44
2021-01-01 01:30:44,57.22,1.9,25.41
2021-01-01 01:31:05,50.77,1.9,25.38
2021-01-01 01:31:25,53.23,1.96,25.42
2021-01-01 01:31:45,55.41,1.9,25.42
2021-01-01 01:32:06,52.99,1.9,25.42
2021-01-01 01:32:26,55.36,1.9,25.43
2021-01-01 01:32:46,54.12,1.9,25.42
2021-01-01 01:33:06,51.82,1.9,25.42
2021-01-01 01:33:27,52.5,1.96,25.43
2021-01-01 01:33:47,53.75,1.9,25.43
2021-01-01 01:34:07,56.01,1.9,25.4
2021-01-01 01:34:28,54.0,1.9,25.4
2021-01-01 01:34:48,52.1,1.9,25.42
2021-01-01 01:35:08,53.79,1.9,25.43
2021-01-01 01:35:29,53.11,1.9,25.41
2021-01-01 01:35:49,52.91,1.9,25.41
2021-01-01 01:36:09,55.12,1.9,25.41
2021-01-01 01:36:29,51.94,1.9,25.41
2021-01-01 01:36:50,53.75,1.9,25.41
2021-01-01 01:37:10,52.63,1.9,25.41
2021-01-01 01:37:30,56.98,1.9,25.41
2021-01-01 01:37:50,57.66,1.9,25.41
2021-01-01 01:38:11,52.46,1.96,25.4
2021-01-01 01:38:31,54.32,1.96,25.41
2021-01-01 01:38:51,53.55,1.9,25.38
2021-01-01 01:39:12,53.39,1.9,25.37
2021-01-01 01:39:32,53.71,1.9,25.4
2021-01-01 01:39:52,52.87,1.9,25.39
2021-01-01 01:40:12,55.08,1.96,25.38
2021-01-01 01:40:33,51.62,1.96,25.39
2021-01-01 01:40:53,54.72,1.9,25.4
2021-01-01 01:41:13,57.54,1.9,25.41
2021-01-01 01:41:34,52.83,1.96,25.4
2021-01-01 01:41:54,53.23,1.9,25.4
2021-01-01 01:42:14,54.28,1.9,25.39
2021-01-01 01:42:34,55.0,1.9,25.38
2021-01-01 01:42:55,55.28,1.9,25.38
2021-01-01 01:43:15,54.28,1.9,25.37
2021-01-01 01:43:35,51.86,1.9,25.38
2021-01-01 01:43:56,55.53,1.96,25.38
2021-01-01 01:44:16,52.99,1.9,25.33
2021-01-01 01:44:36,53.07,1.96,25.25
2021-01-01 01:44:56,53.75,1.96,25.35
2021-01-01 01:45:17,53.95,1.96,25.34
2021-01-01 01:45:37,53.87,1.96,25.32
2021-01-01 01:45:57,54.4,1.9,25.28
2021-01-01 01:46:17,55.08,1.9,25.3
2021-01-01 01:46:38,53.35,1.9,25.3
2021-01-01 01:46:58,54.48,1.96,25.33
2021-01-01 01:47:18,56.66,1.9,25.3
2021-01-01 01:47:39,55.93,1.9,25.31
2021-01-01 01:47:59,51.9,1.96,25.33
2021-01-01 01:48:19,55.81,1.96,25.31
2021-01-01 01:48:39,55.36,1.9,25.27
2021-01-01 01:49:00,54.92,1.9,25.32
2021-01-01 01:49:20,52.46,1.96,25.31
2021-01-01 01:49:40,52.22,1.96,25.32
2021-01-01 01:50:00,50.45,1.9,25.3
2021-01-01 01:50:21,52.22,1.9,25.3
2021-01-01 01:50:41,55.85,1.96,25.27
2021-01-01 01:51:01,55.85,1.96,25.3
2021-01-01 01:51:21,53.79,1.9,25.25
2021-01-01 01:51:42,55.0,1.9,25.29
2021-01-01 01:52:02,52.59,1.9,25.25
2021-01-01 01:52:22,55.32,1.84,25.27
2021-01-01 01:52:43,53.23,1.9,25.29
2021-01-01 01:53:03,53.67,1.9,25.23
2021-01-01 01:53:23,53.95,1.96,25.25
2021-01-01 01:53:43,55.57,1.9,25.23
2021-01-01 01:54:04,59.84,1.9,25.27
2021-01-01 01:54:24,55.85,1.9,25.21
2021-01-01 01:54:45,55.28,1.9,25.27
2021-01-01 01:55:05,55.08,1.9,25.27
2021-01-01 01:55:25,54.72,1.9,25.23
2021-01-01 01:55:45,52.38,1.9,25.23
2021-01-01 01:56:06,55.65,1.9,25.23
2021-01-01 01:56:26,53.95,1.9,25.23
2021-01-01 01:56:46,53.43,1.9,25.23
2021-01-01 01:57:07,52.99,1.9,25.24
2021-01-01 01:57:27,52.5,1.9,25.23
2021-01-01 01:57:47,55.0,1.9,25.24
2021-01-01 01:58:07,52.1,1.9,25.23
2021-01-01 01:58:28,65.12,1.79,25.18
2021-01-01 01:58:48,54.44,1.79,25.19
2021-01-01 01:59:09,53.31,1.79,25.21
2021-01-01 01:59:29,55.04,1.96,25.16
2021-01-01 01:59:49,54.76,1.96,25.22
2021-01-01 02:00:10,54.6,1.9,25.2
2021-01-01 02:00:30,55.85,1.96,25.22
2021-01-01 02:00:51,56.25,1.96,25.2
2021-01-01 02:01:11,55.69,1.9,25.22
2021-01-01 02:01:31,54.44,1.9,25.23
2021-01-01 02:01:52,53.31,1.96,25.26
2021-01-01 02:02:12,52.59,1.9,25.26
2021-01-01 02:02:32,55.85,1.9,25.25
2021-01-01 02:02:52,52.91,1.9,25.27
2021-01-01 02:03:13,54.8,1.96,25.27
2021-01-01 02:03:33,51.7,1.9,25.27
2021-01-01 02:03:53,52.59,1.9,25.27
2021-01-01 02:04:14,55.53,1.96,25.27
2021-01-01 02:04:34,54.76,1.9,25.26
2021-01-01 02:04:54,55.45,1.9,25.28
2021-01-01 02:05:15,56.86,1.9,25.27
2021-01-01 02:05:35,55.04,1.9,25.3
2021-01-01 02:05:55,54.16,1.96,25.3
2021-01-01 02:06:15,52.79,1.96,25.3
2021-01-01 02:06:36,55.45,1.96,25.31
2021-01-01 02:06:56,53.39,1.96,25.33
2021-01-01 02:07:16,54.24,1.9,25.33
2021-01-01 02:07:36,55.85,1.9,25.34
2021-01-01 02:07:57,56.33,1.96,25.35
2021-01-01 02:08:17,54.6,1.96,25.35
2021-01-01 02:08:37,54.08,1.9,25.36
2021-01-01 02:08:57,52.87,1.96,25.38
2021-01-01 02:09:18,55.16,1.9,25.38
2021-01-01 02:09:38,54.08,1.96,25.39
2021-01-01 02:09:58,52.87,1.9,25.4
2021-01-01 02:10:19,55.69,1.9,25.41
2021-01-01 02:10:39,55.49,1.9,25.44
2021-01-01 02:10:59,53.15,1.9,25.43
2021-01-01 02:11:19,53.15,1.9,25.46
2021-01-01 02:11:40,55.69,1.9,25.48
2021-01-01 02:12:00,55.28,1.96,25.47
2021-01-01 02:12:20,51.7,1.96,25.48
2021-01-01 02:12:40,53.83,1.96,25.52
2021-01-01 02:13:01,53.83,1.9,25.52
2021-01-01 02:13:21,54.44,1.9,25.53
2021-01-01 02:13:41,52.99,1.96,25.55
2021-01-01 02:14:01,54.44,1.9,25.57
2021-01-01 02:14:22,54.08,1.9,25.58
2021-01-01 02:14:42,55.49,1.96,25.59
2021-01-01 02:15:02,53.43,1.9,25.61
2021-01-01 02:15:23,54.4,1.9,25.62
2021-01-01 02:15:43,53.31,1.9,25.64
2021-01-01 02:16:03,55.0,1.96,25.65
2021-01-01 02:16:23,52.87,1.96,25.66
2021-01-01 02:16:44,54.4,1.96,25.67
2021-01-01 02:17:04,53.55,1.9,25.7
2021-01-01 02:17:24,55.04,1.9,25.71
2021-01-01 02:17:44,53.15,1.9,25.72
2021-01-01 02:18:05,51.34,1.9,25.74
2021-01-01 02:18:25,51.14,1.9,25.76
2021-01-01 02:18:45,55.93,1.96,25.78
2021-01-01 02:19:06,53.95,1.9,25.77
2021-01-01 02:19:26,52.18,1.9,25.77
2021-01-01 02:19:46,51.94,1.96,25.81
2021-01-01 02:20:06,53.75,1.9,25.83
2021-01-01 02:20:27,54.32,1.96,25.84
2021-01-01 02:20:47,55.32,1.9,25.85
2021-01-01 02:21:07,53.95,1.9,25.87
2021-01-01 02:21:27,55.08,1.96,25.88
2021-01-01 02:21:48,53.07,1.9,25.88
2021-01-01 02:22:08,55.36,1.96,25.91
2021-01-01 02:22:28,53.11,1.9,25.91
2021-01-01 02:22:49,55.0,1.9,25.91
2021-01-01 02:23:09,52.22,1.96,25.91
2021-01-01 02:23:29,55.16,1.9,25.93
2021-01-01 02:23:49,53.35,1.9,25.94
2021-01-01 02:24:10,56.25,1.9,25.95
2021-01-01 02:24:30,54.4,1.9,25.95
2021-01-01 02:24:50,54.04,1.9,25.95
2021-01-01 02:25:11,52.26,1.9,25.95
2021-01-01 02:25:31,54.8,1.9,25.95
2021-01-01 02:25:51,54.52,1.9,25.97
2021-01-01 02:26:11,51.94,1.96,25.97
2021-01-01 02:26:32,53.11,1.9,25.96
2021-01-01 02:26:52,56.37,1.96,25.96
2021-01-01 02:27:12,53.03,1.9,25.97
2021-01-01 02:27:33,53.87,1.96,25.95
2021-01-01 02:27:53,55.89,1.9,25.97
2021-01-01 02:28:13,56.94,1.9,25.95
2021-01-01 02:28:33,52.59,1.9,25.95
2021-01-01 02:28:54,53.63,1.96,25.97
2021-01-01 02:29:14,54.84,1.96,25.94
2021-01-01 02:29:34,51.34,1.9,25.94
2021-01-01 02:29:55,51.09,1.9,25.95
2021-01-01 02:30:15,51.7,1.9,25.95
2021-01-01 02:30:35,54.04,1.9,25.95
2021-01-01 02:30:55,55.41,1.9,25.93
2021-01-01 02:31:16,53.15,1.9,25.93
2021-01-01 02:31:36,53.51,1.96,25.91
2021-01-01 02:31:56,54.6,1.96,25.93
2021-01-01 02:32:17,54.12,1.96,25.91
2021-01-01 02:32:37,53.79,1.96,25.9
2021-01-01 02:32:57,54.48,1.96,25.88
2021-01-01 02:33:17,53.19,1.96,25.89
2021-01-01 02:33:38,55.24,1.96,25.88
2021-01-01 02:33:58,58.03,1.96,25.88
2021-01-01 02:34:18,52.18,1.96,25.87
2021-01-01 02:34:39,54.36,1.96,25.88
2021-01-01 02:34:59,55.85,1.96,25.86
2021-01-01 02:35:19,54.48,1.96,25.85
2021-01-01 02:35:40,52.06,1.96,25.84
2021-01-01 02:36:00,52.79,1.96,25.83
2021-01-01 02:36:20,55.04,1.96,25.81
2021-01-01 02:36:40,54.04,1.96,25.81
2021-01-01 02:37:01,54.2,1.96,25.81
2021-01-01 02:37:21,52.75,1.96,25.81
2021-01-01 02:37:41,54.72,1.9,25.8
2021-01-01 02:38:02,55.85,1.96,25.79
2021-01-01 02:38:22,51.82,1.96,25.78
2021-01-01 02:38:42,55.0,1.96,25.75
2021-01-01 02:39:02,56.41,1.96,25.76
2021-01-01 02:39:23,53.75,1.96,25.75
2021-01-01 02:39:43,53.79,1.96,25.76
2021-01-01 02:40:03,54.4,1.96,25.74
2021-01-01 02:40:24,54.28,1.96,25.73
2021-01-01 02:40:44,56.13,1.96,25.7
2021-01-01 02:41:04,53.87,1.96,25.7
2021-01-01 02:41:24,53.71,1.96,25.7
2021-01-01 02:41:45,55.36,1.96,25.7
2021-01-01 02:42:05,54.8,1.96,25.69
2021-01-01 02:42:25,51.86,1.96,25.68
2021-01-01 02:42:45,52.91,1.96,25.66
2021-01-01 02:43:06,51.94,1.96,25.66
2021-01-01 02:43:26,55.28,1.96,25.66
2021-01-01 02:43:46,52.02,1.96,25.64
2021-01-01 02:44:06,53.31,1.96,25.66
2021-01-01 02:44:27,54.68,1.9,25.62
2021-01-01 02:44:47,54.96,1.9,25.64
2021-01-01 02:45:07,55.16,1.9,25.62
2021-01-01 02:45:27,54.84,1.96,25.63
2021-01-01 02:45:48,54.68,1.9,25.62
2021-01-01 02:46:08,54.4,1.96,25.6
2021-01-01 02:46:28,53.19,1.96,25.57
2021-01-01 02:46:49,54.84,1.96,25.59
2021-01-01 02:47:09,53.07,1.9,25.59
2021-01-01 02:47:29,57.02,1.96,25.57
2021-01-01 02:47:49,54.28,1.9,25.58
2021-01-01 02:48:10,54.24,1.9,25.56
2021-01-01 02:48:30,54.84,1.9,25.55
2021-01-01 02:48:50,56.09,1.9,25.53
2021-01-01 02:49:10,54.84,1.96,25.55
2021-01-01 02:49:31,54.36,1.96,25.55
2021-01-01 02:49:51,53.79,1.9,25.54
2021-01-01 02:50:11,52.14,1.96,25.52
2021-01-01 02:50:31,54.28,1.96,25.52
2021-01-01 02:50:52,55.08,1.96,25.51
2021-01-01 02:51:12,53.51,1.9,25.52
2021-01-01 02:51:32,54.08,1.9,25.52
2021-01-01 02:51:53,54.44,1.9,25.52
2021-01-01 02:52:13,54.64,1.84,25.52
2021-01-01 02:52:33,53.83,1.84,25.51
2021-01-01 02:52:54,55.65,1.84,25.5
2021-01-01 02:53:14,55.12,1.9,25.48
2021-01-01 02:53:34,54.44,1.9,25.48
2021-01-01 02:53:54,54.32,1.9,25.47
2021-01-01 02:54:15,53.87,1.9,25.47
2021-01-01 02:54:35,55.89,1.9,25.44
2021-01-01 02:54:55,51.14,1.9,25.46
2021-01-01 02:55:16,54.28,1.9,25.45
2021-01-01 02:55:36,54.32,1.9,25.45
2021-01-01 02:55:56,54.08,1.96,25.45
2021-01-01 02:56:17,54.08,1.9,25.45
2021-01-01 02:56:37,54.0,1.9,25.44
2021-01-01 02:56:57,57.7,1.9,25.44
2021-01-01 02:57:18,54.52,1.9,25.44
2021-01-01 02:57:38,54.52,1.9,25.44
2021-01-01 02:57:58,54.2,1.9,25.43
2021-01-01 02:58:18,52.83,1.9,25.44
2021-01-01 02:58:39,54.36,1.9,25.43
2021-01-01 02:58:59,54.16,1.9,25.41
2021-01-01 02:59:19,53.75,1.9,25.44
2021-01-01 02:59:39,54.16,1.9,25.44
2021-01-01 03:00:00,55.08,1.9,25.45
2021-01-01 03:00:20,54.36,1.9,25.46
2021-01-01 03:00:40,52.83,1.9,25.46
2021-01-01 03:01:01,56.01,1.9,25.46
2021-01-01 03:01:21,54.12,1.9,25.46
2021-01-01 03:01:41,53.27,1.9,25.48
2021-01-01 03:02:01,53.31,1.9,25.48
2021-01-01 03:02:22,53.55,1.9,25.48
2021-01-01 03:02:42,54.36,1.9,25.49
2021-01-01 03:03:02,55.24,1.96,25.52
2021-01-01 03:03:22,53.35,1.9,25.51
2021-01-01 03:03:43,54.4,1.96,25.52
2021-01-01 03:04:03,53.91,1.96,25.52
2021-01-01 03:04:23,52.67,1.96,25.53
2021-01-01 03:04:44,54.84,1.9,25.54
2021-01-01 03:05:04,54.2,1.96,25.54
2021-01-01 03:05:24,54.28,1.9,25.55
2021-01-01 03:05:45,55.32,1.9,25.57
2021-01-01 03:06:05,56.62,1.9,25.56
2021-01-01 03:06:25,54.92,1.96,25.59
2021-01-01 03:06:45,56.33,1.96,25.59
2021-01-01 03:07:06,54.12,1.96,25.59
2021-01-01 03:07:26,52.5,1.9,25.62
2021-01-01 03:07:46,55.36,1.9,25.61
2021-01-01 03:08:07,57.1,1.96,25.6
2021-01-01 03:08:27,56.33,1.9,25.62
2021-01-01 03:08:47,54.68,1.96,25.66
2021-01-01 03:09:07,53.31,1.9,25.66
2021-01-01 03:09:28,58.35,1.9,25.66
2021-01-01 03:09:48,55.45,1.96,25.69
2021-01-01 03:10:08,52.46,1.96,25.69
2021-01-01 03:10:29,55.61,1.96,25.7
2021-01-01 03:10:49,53.71,1.96,25.66
2021-01-01 03:11:09,54.68,1.96,25.67
2021-01-01 03:11:30,52.54,1.96,25.65
2021-01-01 03:11:50,52.87,1.9,25.7
2021-01-01 03:12:10,54.92,1.9,25.72
2021-01-01 03:12:30,54.6,1.9,25.73
2021-01-01 03:12:51,50.97,1.96,25.68
2021-01-01 03:13:11,53.55,1.9,25.73
2021-01-01 03:13:31,53.15,1.9,25.79
2021-01-01 03:13:51,53.07,1.9,25.77
2021-01-01 03:14:12,53.43,1.9,25.74
2021-01-01 03:14:32,54.84,1.96,25.79
2021-01-01 03:14:52,50.21,1.9,25.83
2021-01-01 03:15:12,54.48,1.9,25.84
2021-01-01 03:15:33,56.46,1.84,25.8
2021-01-01 03:15:53,54.04,1.9,25.84
2021-01-01 03:16:13,54.8,1.9,25.79
2021-01-01 03:16:34,53.03,1.9,25.82
2021-01-01 03:16:54,54.44,1.9,25.88
2021-01-01 03:17:14,55.49,1.9,25.91
2021-01-01 03:17:34,54.8,1.9,25.92
2021-01-01 03:17:55,54.4,1.9,25.93
2021-01-01 03:18:15,54.52,1.9,25.95
2021-01-01 03:18:35,54.28,1.9,25.96
2021-01-01 03:18:55,55.12,1.79,25.97
2021-01-01 03:19:16,54.68,1.9,25.98
2021-01-01 03:19:36,54.8,1.9,25.98
2021-01-01 03:19:56,54.32,1.9,26.01
2021-01-01 03:20:17,53.51,1.84,25.97
2021-01-01 03:20:37,53.95,1.96,26.01
2021-01-01 03:20:57,55.85,1.67,26.03
2021-01-01 03:21:18,51.38,1.67,26.03
2021-01-01 03:21:38,52.42,1.67,26.04
2021-01-01 03:21:58,54.6,1.67,26.03
2021-01-01 03:22:18,53.83,1.67,26.02
2021-01-01 03:22:39,54.04,1.67,26.02
2021-01-01 03:22:59,55.08,1.67,26.02
2021-01-01 03:23:19,55.2,1.67,26.02
2021-01-01 03:23:39,54.6,1.67,26.05
2021-01-01 03:24:00,54.68,1.67,26.04
2021-01-01 03:24:20,54.6,1.67,26.05
2021-01-01 03:24:41,54.2,1.67,26.03
2021-01-01 03:25:01,54.4,1.67,26.04
2021-01-01 03:25:21,53.23,1.67,26.02
2021-01-01 03:25:41,55.81,1.67,26.03
2021-01-01 03:26:02,53.15,1.67,26.01
2021-01-01 03:26:22,53.27,1.67,26.02
2021-01-01 03:26:42,56.94,1.67,25.99
2021-01-01 03:27:03,55.97,1.67,25.99
2021-01-01 03:27:23,54.32,1.67,26.01
2021-01-01 03:27:43,54.68,1.67,26.01
2021-01-01 03:28:03,55.85,1.67,26.01
2021-01-01 03:28:24,53.67,1.67,25.99
2021-01-01 03:28:44,54.8,1.67,26.0
2021-01-01 03:29:05,55.2,1.67,26.0
2021-01-01 03:29:25,54.48,1.67,26.0
2021-01-01 03:29:45,56.62,1.67,25.98
2021-01-01 03:30:06,52.99,1.67,25.97
2021-01-01 03:30:26,54.84,1.67,25.98
2021-01-01 03:30:46,54.52,1.67,25.97
2021-01-01 03:31:06,55.85,1.67,25.97
2021-01-01 03:31:27,54.36,1.73,25.95
2021-01-01 03:31:47,54.4,1.67,25.95
2021-01-01 03:32:07,54.04,1.67,25.93
2021-01-01 03:32:28,54.52,1.67,25.95
2021-01-01 03:32:48,55.85,1.67,25.93
2021-01-01 03:33:08,56.09,1.67,25.92
2021-01-01 03:33:29,55.85,1.73,25.91
2021-01-01 03:33:49,56.21,1.67,25.91
2021-01-01 03:34:09,54.12,1.67,25.9
2021-01-01 03:34:30,54.48,1.67,25.9
2021-01-01 03:34:50,54.36,1.67,25.89
2021-01-01 03:35:10,55.57,1.67,25.87
2021-01-01 03:35:31,55.73,1.67,25.87
2021-01-01 03:35:51,55.0,1.67,25.88
2021-01-01 03:36:11,54.72,1.67,25.87
2021-01-01 03:36:32,54.84,1.67,25.87
2021-01-01 03:36:52,53.27,1.73,25.85
2021-01-01 03:37:13,55.85,1.73,25.86
2021-01-01 03:37:33,54.72,1.73,25.85
2021-01-01 03:37:53,54.4,1.73,25.84
2021-01-01 03:38:13,52.91,1.73,25.83
2021-01-01 03:38:34,55.57,1.73,25.8
2021-01-01 03:38:54,54.16,1.73,25.81
2021-01-01 03:39:14,54.56,1.73,25.8
2021-01-01 03:39:35,57.5,1.73,25.79
2021-01-01 03:39:55,54.48,1.73,25.78
2021-01-01 03:40:15,54.32,1.73,25.76
2021-01-01 03:40:35,56.62,1.73,25.74
2021-01-01 03:40:56,57.54,1.73,25.76
2021-01-01 03:41:16,55.85,1.73,25.74
2021-01-01 03:41:37,56.01,1.73,25.73
2021-01-01 03:41:57,55.45,1.73,25.73
2021-01-01 03:42:17,55.24,1.73,25.72
2021-01-01 03:42:38,55.57,1.73,25.71
2021-01-01 03:42:58,54.44,1.73,25.71
2021-01-01 03:43:18,56.66,1.73,25.7
2021-01-01 03:43:38,54.72,1.73,25.69
2021-01-01 03:43:59,54.64,1.73,25.69
2021-01-01 03:44:19,52.63,1.73,25.66
2021-01-01 03:44:39,54.12,1.67,25.67
2021-01-01 03:44:59,54.04,1.67,25.66
2021-01-01 03:45:20,56.05,1.67,25.66
2021-01-01 03:45:40,54.88,1.67,25.66
2021-01-01 03:46:00,55.93,1.67,25.62
2021-01-01 03:46:21,53.23,1.67,25.62
2021-01-01 03:46:41,53.71,1.67,25.62
2021-01-01 03:47:01,54.4,1.67,25.61
2021-01-01 03:47:21,56.41,1.67,25.6
2021-01-01 03:47:42,54.48,1.67,25.6
2021-01-01 03:48:02,53.95,1.67,25.6
2021-01-01 03:48:22,56.21,1.67,25.57
2021-01-01 03:48:43,53.07,1.67,25.58
2021-01-01 03:49:03,53.31,1.67,25.55
2021-01-01 03:49:23,55.04,1.67,25.57
2021-01-01 03:49:43,55.73,1.67,25.56
2021-01-01 03:50:04,52.99,1.67,25.53
2021-01-01 03:50:24,55.0,1.67,25.55
2021-01-01 03:50:44,56.21,1.67,25.55
2021-01-01 03:51:04,54.36,1.67,25.54
2021-01-01 03:51:25,50.61,1.67,25.53
2021-01-01 03:51:45,58.03,1.67,25.52
2021-01-01 03:52:05,53.43,1.67,25.53
2021-01-01 03:52:25,53.35,1.67,25.52
2021-01-01 03:52:46,52.63,1.67,25.52
2021-01-01 03:53:06,54.04,1.67,25.52
2021-01-01 03:53:26,57.3,1.67,25.52
2021-01-01 03:53:46,54.8,1.67,25.52
2021-01-01 03:54:07,53.75,1.67,25.53
2021-01-01 03:54:27,55.57,1.67,25.52
2021-01-01 03:54:47,53.19,1.67,25.5
2021-01-01 03:55:08,52.38,1.67,25.52
2021-01-01 03:55:28,55.41,1.67,25.52
2021-01-01 03:55:48,55.32,1.73,25.51
2021-01-01 03:56:08,54.52,1.73,25.52
2021-01-01 03:56:29,55.57,1.73,25.52
2021-01-01 03:56:49,56.86,1.67,25.52
2021-01-01 03:57:09,52.75,1.67,25.52
2021-01-01 03:57:30,53.35,1.73,25.52
2021-01-01 03:57:50,59.6,1.73,25.5
2021-01-01 03:58:11,59.96,1.84,25.52
2021-01-01 03:58:31,62.22,1.79,25.52
2021-01-01 03:58:51,54.84,1.9,25.53
2021-01-01 03:59:12,59.07,1.84,25.53
2021-01-01 03:59:32,52.99,1.79,25.54
2021-01-01 03:59:53,59.27,1.84,25.55
2021-01-01 04:00:13,59.96,1.84,25.55
2021-01-01 04:00:34,55.0,1.84,25.56
2021-01-01 04:00:54,53.47,1.79,25.56
2021-01-01 04:01:14,54.48,1.79,25.59
2021-01-01 04:01:35,52.14,1.96,25.6
2021-01-01 04:01:55,54.44,1.84,25.6
2021-01-01 04:02:15,54.6,1.84,25.62
2021-01-01 04:02:36,54.28,1.84,25.62
2021-01-01 04:02:56,54.28,1.73,25.64
2021-01-01 04:03:16,53.67,1.79,25.62
2021-01-01 04:03:36,56.86,1.84,25.62
2021-01-01 04:03:57,56.01,1.73,25.6
2021-01-01 04:04:17,56.62,1.73,25.63
2021-01-01 04:04:37,57.06,1.73,25.65
2021-01-01 04:04:58,53.87,1.79,25.69
2021-01-01 04:05:18,52.38,1.79,25.69
2021-01-01 04:05:38,53.67,1.84,25.73
2021-01-01 04:05:59,51.05,1.79,25.73
2021-01-01 04:06:19,53.51,1.79,25.73
2021-01-01 04:06:39,53.79,1.79,25.77
2021-01-01 04:06:59,50.97,1.73,25.79
2021-01-01 04:07:20,59.36,1.67,25.79
2021-01-01 04:07:40,58.51,1.67,25.81
2021-01-01 04:08:00,54.92,1.67,25.81
2021-01-01 04:08:21,52.1,1.67,25.81
2021-01-01 04:08:41,54.4,1.67,25.85
2021-01-01 04:09:01,56.54,1.67,25.84
2021-01-01 04:09:22,53.71,1.67,25.84
2021-01-01 04:09:42,57.14,1.67,25.83
2021-01-01 04:10:02,53.03,1.67,25.87
2021-01-01 04:10:22,54.08,1.67,25.85
2021-01-01 04:10:43,58.55,1.67,25.86
2021-01-01 04:11:03,59.19,1.67,25.9
2021-01-01 04:11:24,58.35,1.67,25.91
2021-01-01 04:11:44,55.41,1.67,25.93
2021-01-01 04:12:04,53.71,1.67,25.93
2021-01-01 04:12:25,57.26,1.67,25.95
2021-01-01 04:12:45,55.2,1.67,25.95
2021-01-01 04:13:05,58.07,1.61,25.98
2021-01-01 04:13:26,56.74,1.61,25.85
2021-01-01 04:13:46,54.76,1.67,25.85
2021-01-01 04:14:07,52.91,1.67,25.77
2021-01-01 04:14:27,53.67,1.67,25.8
2021-01-01 04:14:47,52.67,1.67,25.81
2021-01-01 04:15:07,53.11,1.67,25.84
2021-01-01 04:15:27,53.83,1.67,25.77
2021-01-01 04:15:48,57.1,1.67,25.84
2021-01-01 04:16:08,55.24,1.67,25.75
2021-01-01 04:16:28,55.81,1.67,25.71
2021-01-01 04:16:49,55.08,1.67,25.68
2021-01-01 04:17:09,53.43,1.67,25.77
2021-01-01 04:17:29,57.38,1.67,25.85
2021-01-01 04:17:50,54.96,1.61,25.79
2021-01-01 04:18:10,52.06,1.67,25.85
2021-01-01 04:18:30,55.85,1.67,25.7
2021-01-01 04:18:51,54.48,1.67,25.77
2021-01-01 04:19:11,53.91,1.67,25.85
2021-01-01 04:19:31,54.28,1.67,25.79
2021-01-01 04:19:52,56.29,1.67,25.83
2021-01-01 04:20:12,55.85,1.67,25.76
2021-01-01 04:20:32,54.8,1.67,25.84
2021-01-01 04:20:52,53.95,1.67,25.82
2021-01-01 04:21:13,53.71,1.67,25.88
2021-01-01 04:21:33,54.6,1.67,25.87
2021-01-01 04:21:53,53.79,1.67,25.8
2021-01-01 04:22:14,54.28,1.67,25.71
2021-01-01 04:22:34,55.2,1.67,25.78
2021-01-01 04:22:54,54.84,1.67,25.74
2021-01-01 04:23:15,55.93,1.67,25.8
2021-01-01 04:23:35,55.65,1.67,25.8
2021-01-01 04:23:55,54.68,1.67,25.8
2021-01-01 04:24:16,54.72,1.67,25.68
2021-01-01 04:24:36,54.12,1.67,25.75
2021-01-01 04:24:56,56.9,1.67,25.68
2021-01-01 04:25:17,55.65,1.67,25.66
2021-01-01 04:25:37,53.67,1.67,25.63
2021-01-01 04:25:57,58.99,1.67,25.6
2021-01-01 04:26:18,56.94,1.67,25.59
2021-01-01 04:26:38,53.75,1.67,25.45
2021-01-01 04:26:59,54.4,1.67,25.55
2021-01-01 04:27:19,55.24,1.67,25.48
2021-01-01 04:27:39,55.85,1.73,25.42
2021-01-01 04:28:00,52.99,1.67,25.48
2021-01-01 04:28:20,55.85,1.67,25.47
2021-01-01 04:28:40,54.48,1.67,25.46
2021-01-01 04:29:00,54.68,1.67,25.4
2021-01-01 04:29:21,54.48,1.67,25.37
2021-01-01 04:29:41,53.55,1.67,25.4
2021-01-01 04:30:01,54.4,1.67,25.34
2021-01-01 04:30:22,55.61,1.67,25.39
2021-01-01 04:30:42,55.85,1.67,25.35
2021-01-01 04:31:02,52.87,1.67,25.26
2021-01-01 04:31:23,52.59,1.67,25.3
2021-01-01 04:31:43,56.29,1.67,25.33
2021-01-01 04:32:03,53.91,1.67,25.3
2021-01-01 04:32:24,53.11,1.67,25.32
2021-01-01 04:32:44,55.85,1.61,25.29
2021-01-01 04:33:05,57.99,1.67,25.26
2021-01-01 04:33:25,54.8,1.67,25.24
2021-01-01 04:33:45,59.07,1.67,25.29
2021-01-01 04:34:06,53.11,1.67,25.2
2021-01-01 04:34:26,73.86,1.67,25.13
2021-01-01 04:34:46,54.32,1.67,25.2
2021-01-01 04:35:07,55.57,1.67,25.21
2021-01-01 04:35:27,58.71,1.67,25.13
2021-01-01 04:35:48,55.85,1.67,25.14
2021-01-01 04:36:08,54.0,1.67,25.09
2021-01-01 04:36:28,55.32,1.67,25.05
2021-01-01 04:36:49,58.19,1.67,25.14
2021-01-01 04:37:09,54.76,1.67,25.04
2021-01-01 04:37:29,55.73,1.67,25.09
2021-01-01 04:37:50,56.01,1.67,24.98
2021-01-01 04:38:10,55.85,1.61,24.91
2021-01-01 04:38:31,55.77,1.67,25.03
2021-01-01 04:38:51,56.13,1.67,24.95
2021-01-01 04:39:11,54.4,1.67,24.98
2021-01-01 04:39:32,57.82,1.67,24.91
2021-01-01 04:39:52,55.77,1.67,24.93
2021-01-01 04:40:12,55.85,1.67,24.91
2021-01-01 04:40:33,58.87,1.67,24.91
2021-01-01 04:40:53,54.8,1.67,24.92
2021-01-01 04:41:14,55.41,1.67,24.88
2021-01-01 04:41:34,57.86,1.67,24.85
2021-01-01 04:41:54,55.12,1.67,24.84
2021-01-01 04:42:15,56.13,1.67,24.85
2021-01-01 04:42:35,56.46,1.67,24.77
2021-01-01 04:42:56,53.43,1.67,24.8
2021-01-01 04:43:16,55.61,1.67,24.77
2021-01-01 04:43:36,55.85,1.67,24.7
2021-01-01 04:43:57,54.96,1.67,24.8
2021-01-01 04:44:17,55.77,1.67,24.62
2021-01-01 04:44:37,52.59,1.67,24.77
2021-01-01 04:44:58,51.78,1.67,24.73
2021-01-01 04:45:18,55.08,1.67,24.75
2021-01-01 04:45:38,53.07,1.67,24.66
2021-01-01 04:45:58,53.03,1.73,24.7
2021-01-01 04:46:19,55.12,1.67,24.67
2021-01-01 04:46:39,54.08,1.67,24.7
2021-01-01 04:46:59,53.51,1.73,24.64
2021-01-01 04:47:19,53.19,1.67,24.66
2021-01-01 04:47:39,53.55,1.67,24.72
2021-01-01 04:48:00,53.03,1.67,24.66
2021-01-01 04:48:20,53.43,1.67,24.62
2021-01-01 04:48:40,53.71,1.67,24.54
2021-01-01 04:49:00,55.85,1.67,24.65
2021-01-01 04:49:21,53.71,1.67,24.63
2021-01-01 04:49:41,54.8,1.67,24.59
2021-01-01 04:50:01,54.96,1.67,24.6
2021-01-01 04:50:21,54.52,1.67,24.58
2021-01-01 04:50:41,52.91,1.73,24.58
2021-01-01 04:51:02,52.87,1.73,24.55
2021-01-01 04:51:22,55.08,1.67,24.61
2021-01-01 04:51:42,55.93,1.73,24.55
2021-01-01 04:52:03,50.77,1.73,24.53
2021-01-01 04:52:23,53.11,1.67,24.57
2021-01-01 04:52:43,55.45,1.73,24.62
2021-01-01 04:53:03,52.46,1.67,24.57
2021-01-01 04:53:24,55.65,1.73,24.5
2021-01-01 04:53:44,54.08,1.67,24.59
2021-01-01 04:54:04,52.63,1.67,24.57
2021-01-01 04:54:24,52.54,1.73,24.55
2021-01-01 04:54:45,54.32,1.67,24.52
2021-01-01 04:55:05,52.91,1.67,24.45
2021-01-01 04:55:25,53.95,1.67,24.48
2021-01-01 04:55:45,53.71,1.73,24.55
2021-01-01 04:56:06,52.59,1.67,24.52
2021-01-01 04:56:26,53.31,1.73,24.48
2021-01-01 04:56:46,53.91,1.73,24.51
2021-01-01 04:57:06,52.26,1.67,24.52
2021-01-01 04:57:27,54.12,1.67,24.49
2021-01-01 04:57:47,54.2,1.67,24.51
2021-01-01 04:58:07,55.12,1.67,24.52
2021-01-01 04:58:27,54.92,1.67,24.54
2021-01-01 04:58:48,50.53,1.67,24.55
2021-01-01 04:59:08,51.94,1.67,24.48
2021-01-01 04:59:28,52.06,1.67,24.52
2021-01-01 04:59:49,52.59,1.67,24.57
2021-01-01 05:00:09,53.79,1.67,24.56
2021-01-01 05:00:29,55.08,1.67,24.6
2021-01-01 05:00:49,52.18,1.67,24.6
2021-01-01 05:01:10,53.75,1.67,24.6
2021-01-01 05:01:30,53.47,1.67,24.61
2021-01-01 05:01:50,52.5,1.67,24.63
2021-01-01 05:02:11,53.07,1.67,24.64
2021-01-01 05:02:31,51.94,1.67,24.7
2021-01-01 05:02:51,51.62,1.67,24.69
2021-01-01 05:03:11,51.7,1.67,24.7
2021-01-01 05:03:31,52.3,1.67,24.7
2021-01-01 05:03:52,51.54,1.67,24.79
2021-01-01 05:04:12,54.44,1.67,24.79
2021-01-01 05:04:32,53.15,1.67,24.81
2021-01-01 05:04:53,53.63,1.67,24.8
2021-01-01 05:05:13,55.04,1.67,24.79
2021-01-01 05:05:33,52.18,1.61,24.8
2021-01-01 05:05:53,55.41,1.61,24.86
2021-01-01 05:06:14,52.95,1.67,24.91
2021-01-01 05:06:34,52.71,1.67,24.89
2021-01-01 05:06:54,52.67,1.67,24.94
2021-01-01 05:07:14,53.67,1.61,24.9
2021-01-01 05:07:34,55.36,1.67,24.95
2021-01-01 05:07:55,53.27,1.67,24.97
2021-01-01 05:08:15,53.75,1.67,25.04
2021-01-01 05:08:35,51.7,1.61,25.04
2021-01-01 05:08:55,51.09,1.61,25.02
2021-01-01 05:09:16,52.79,1.67,25.05
2021-01-01 05:09:36,55.24,1.67,25.14
2021-01-01 05:09:56,54.52,1.61,25.09
2021-01-01 05:10:16,52.75,1.67,25.12
2021-01-01 05:10:36,52.18,1.67,25.15
2021-01-01 05:10:57,53.39,1.67,25.2
2021-01-01 05:11:17,54.0,1.67,25.23
2021-01-01 05:11:37,50.61,1.67,25.3
2021-01-01 05:11:57,53.47,1.67,25.26
2021-01-01 05:12:18,52.59,1.67,25.28
2021-01-01 05:12:38,52.02,1.67,25.29
2021-01-01 05:12:58,54.0,1.67,25.33
2021-01-01 05:13:18,54.68,1.67,25.35
2021-01-01 05:13:39,50.45,1.67,25.34
2021-01-01 05:13:59,53.39,1.67,25.34
2021-01-01 05:14:19,53.55,1.67,25.4
2021-01-01 05:14:39,54.8,1.67,25.41
2021-01-01 05:15:00,52.54,1.61,25.48
2021-01-01 05:15:20,54.08,1.67,25.44
2021-01-01 05:15:40,53.83,1.67,25.47
2021-01-01 05:16:00,52.06,1.67,25.45
2021-01-01 05:16:21,53.39,1.67,25.48
2021-01-01 05:16:41,59.36,1.67,25.54
2021-01-01 05:17:01,55.85,1.67,25.54
2021-01-01 05:17:21,53.67,1.67,25.47
2021-01-01 05:17:42,51.54,1.67,25.55
2021-01-01 05:18:02,55.57,1.67,25.56
2021-01-01 05:18:22,53.11,1.61,25.59
2021-01-01 05:18:42,54.28,1.67,25.62
2021-01-01 05:19:03,52.06,1.67,25.63
2021-01-01 05:19:23,52.38,1.67,25.66
2021-01-01 05:19:43,55.36,1.67,25.62
2021-01-01 05:20:03,52.5,1.67,25.69
2021-01-01 05:20:23,54.96,1.67,25.7
2021-01-01 05:20:44,53.23,1.67,25.66
2021-01-01 05:21:04,53.95,1.67,25.76
2021-01-01 05:21:24,52.59,1.67,25.72
2021-01-01 05:21:44,55.08,1.67,25.68
2021-01-01 05:22:05,55.0,1.67,25.72
2021-01-01 05:22:25,52.54,1.67,25.82
2021-01-01 05:22:45,52.83,1.67,25.83
2021-01-01 05:23:05,51.22,1.67,25.77
2021-01-01 05:23:26,52.75,1.67,25.8
2021-01-01 05:23:46,50.33,1.67,25.83
2021-01-01 05:24:06,53.71,1.67,25.78
2021-01-01 05:24:26,53.43,1.67,25.83
2021-01-01 05:24:47,50.65,1.67,25.8
2021-01-01 05:25:07,51.38,1.67,25.81
2021-01-01 05:25:27,53.63,1.67,25.89
2021-01-01 05:25:47,54.48,1.67,25.84
2021-01-01 05:26:08,54.52,1.67,25.87
2021-01-01 05:26:28,53.07,1.67,25.8
2021-01-01 05:26:48,51.18,1.67,25.88
2021-01-01 05:27:08,55.28,1.67,25.72
2021-01-01 05:27:29,54.36,1.67,25.83
2021-01-01 05:27:49,53.75,1.67,25.77
2021-01-01 05:28:09,54.48,1.67,25.79
2021-01-01 05:28:30,52.83,1.67,25.78
2021-01-01 05:28:50,52.54,1.67,25.78
2021-01-01 05:29:10,53.39,1.67,25.8
2021-01-01 05:29:30,52.42,1.67,25.78
2021-01-01 05:29:50,54.64,1.67,25.8
2021-01-01 05:30:11,52.75,1.67,25.8
2021-01-01 05:30:31,51.94,1.67,25.68
2021-01-01 05:30:51,54.64,1.67,25.74
2021-01-01 05:31:11,54.56,1.67,25.73
2021-01-01 05:31:32,50.85,1.67,25.74
2021-01-01 05:31:52,56.09,1.67,25.66
2021-01-01 05:32:12,51.66,1.67,25.66
2021-01-01 05:32:32,52.91,1.67,25.63
2021-01-01 05:32:53,52.46,1.67,25.66
2021-01-01 05:33:13,54.96,1.67,25.59
2021-01-01 05:33:33,53.15,1.67,25.59
2021-01-01 05:33:53,52.63,1.67,25.51
2021-01-01 05:34:14,54.0,1.67,25.51
2021-01-01 05:34:34,51.86,1.67,25.52
2021-01-01 05:34:54,52.99,1.67,25.48
2021-01-01 05:35:14,53.75,1.67,25.48
2021-01-01 05:35:35,51.22,1.67,25.39
2021-01-01 05:35:55,53.31,1.61,25.44
2021-01-01 05:36:15,53.63,1.67,25.28
2021-01-01 05:36:35,53.75,1.67,25.34
2021-01-01 05:36:56,53.67,1.67,25.34
2021-01-01 05:37:16,53.59,1.61,25.29
2021-01-01 05:37:36,53.75,1.67,25.33
2021-01-01 05:37:56,53.23,1.67,25.24
2021-01-01 05:38:17,52.26,1.67,25.24
2021-01-01 05:38:37,52.22,1.67,25.27
2021-01-01 05:38:57,54.44,1.67,25.24
2021-01-01 05:39:17,55.85,1.67,25.21
2021-01-01 05:39:38,52.87,1.67,25.23
2021-01-01 05:39:58,55.73,1.67,25.2
2021-01-01 05:40:18,52.87,1.67,25.12
2021-01-01 05:40:38,54.08,1.67,25.15
2021-01-01 05:40:59,54.44,1.67,25.02
2021-01-01 05:41:19,53.55,1.67,25.01
2021-01-01 05:41:39,52.54,1.67,25.08
2021-01-01 05:41:59,53.51,1.67,25.02
2021-01-01 05:42:20,53.91,1.67,25.0
2021-01-01 05:42:40,51.14,1.67,24.98
2021-01-01 05:43:00,55.65,1.67,25.03
2021-01-01 05:43:20,53.55,1.67,24.95
2021-01-01 05:43:40,54.16,1.67,25.0
2021-01-01 05:44:01,54.72,1.67,24.9
2021-01-01 05:44:21,54.4,1.61,24.95
2021-01-01 05:44:41,54.2,1.67,24.92
2021-01-01 05:45:01,55.24,1.67,24.94
2021-01-01 05:45:22,55.77,1.67,24.88
2021-01-01 05:45:42,55.97,1.67,24.88
2021-01-01 05:46:02,53.95,1.67,24.82
2021-01-01 05:46:22,53.55,1.67,24.82
2021-01-01 05:46:42,53.43,1.67,24.73
2021-01-01 05:47:03,55.36,1.67,24.73
2021-01-01 05:47:23,55.85,1.67,24.79
2021-01-01 05:47:43,54.76,1.67,24.71
2021-01-01 05:48:03,53.91,1.67,24.73
2021-01-01 05:48:24,55.24,1.73,24.7
2021-01-01 05:48:44,52.71,1.67,24.66
2021-01-01 05:49:04,54.48,1.73,24.55
2021-01-01 05:49:24,52.18,1.73,24.64
2021-01-01 05:49:44,54.4,1.67,24.58
2021-01-01 05:50:05,54.68,1.67,24.58
2021-01-01 05:50:25,55.16,1.73,24.61
2021-01-01 05:50:45,53.27,1.67,24.54
2021-01-01 05:51:05,53.55,1.67,24.55
2021-01-01 05:51:26,52.91,1.73,24.53
2021-01-01 05:51:46,55.81,1.73,24.52
2021-01-01 05:52:06,54.8,1.73,24.52
2021-01-01 05:52:26,54.36,1.67,24.52
2021-01-01 05:52:47,54.64,1.67,24.48
2021-01-01 05:53:07,53.15,1.67,24.45
2021-01-01 05:53:27,53.23,1.73,24.51
2021-01-01 05:53:47,54.8,1.73,24.5
2021-01-01 05:54:08,51.66,1.67,24.49
2021-01-01 05:54:28,54.24,1.67,24.52
2021-01-01 05:54:48,53.15,1.67,24.44
2021-01-01 05:55:08,53.55,1.67,24.52
2021-01-01 05:55:29,52.59,1.67,24.52
2021-01-01 05:55:49,50.85,1.73,24.54
2021-01-01 05:56:09,52.46,1.67,24.56
2021-01-01 05:56:29,54.44,1.67,24.42
2021-01-01 05:56:50,52.87,1.67,24.46
2021-01-01 05:57:10,53.39,1.73,24.49
2021-01-01 05:57:30,52.5,1.73,24.5
2021-01-01 05:57:50,52.59,1.73,24.49
2021-01-01 05:58:11,54.16,1.67,24.52
2021-01-01 05:58:31,53.55,1.73,24.52
2021-01-01 05:58:51,54.52,1.73,24.53
2021-01-01 05:59:11,52.38,1.73,24.54
2021-01-01 05:59:32,53.63,1.73,24.59
2021-01-01 05:59:52,52.87,1.67,24.59
2021-01-01 06:00:12,51.09,1.73,24.52
2021-01-01 06:00:32,53.03,1.73,24.57
2021-01-01 06:00:53,52.38,1.67,24.52
2021-01-01 06:01:13,52.22,1.73,24.54
2021-01-01 06:01:33,52.22,1.67,24.66
2021-01-01 06:01:54,51.42,1.67,24.57
2021-01-01 06:02:14,53.71,1.67,24.69
2021-01-01 06:02:34,51.82,1.67,24.7
2021-01-01 06:02:54,53.31,1.67,24.67
2021-01-01 06:03:14,55.0,1.73,24.7
2021-01-01 06:03:35,53.95,1.67,24.71
2021-01-01 06:03:55,54.2,1.67,24.69
2021-01-01 06:04:15,53.23,1.73,24.68
2021-01-01 06:04:35,52.71,1.67,24.73
2021-01-01 06:04:55,52.5,1.67,24.77
2021-01-01 06:05:16,53.35,1.73,24.83
2021-01-01 06:05:36,53.15,1.67,24.81
2021-01-01 06:05:56,53.31,1.67,24.77
2021-01-01 06:06:16,52.83,1.67,24.84
2021-01-01 06:06:37,52.26,1.73,24.88
2021-01-01 06:06:57,52.42,1.67,24.87
2021-01-01 06:07:17,54.08,1.67,24.96
2021-01-01 06:07:37,53.87,1.67,24.95
2021-01-01 06:07:58,53.19,1.67,24.85
2021-01-01 06:08:18,54.16,1.67,24.88
2021-01-01 06:08:38,54.68,1.67,24.94
2021-01-01 06:08:58,51.54,1.67,25.0
2021-01-01 06:09:19,52.1,1.67,24.97
2021-01-01 06:09:39,54.84,1.67,25.01
2021-01-01 06:09:59,55.41,1.67,25.04
2021-01-01 06:10:19,51.09,1.67,25.02
2021-01-01 06:10:40,53.63,1.67,25.04
2021-01-01 06:11:00,51.62,1.67,25.08
2021-01-01 06:11:20,52.38,1.67,25.15
2021-01-01 06:11:40,52.83,1.67,25.13
2021-01-01 06:12:00,53.71,1.67,25.06
2021-01-01 06:12:21,52.38,1.67,25.17
2021-01-01 06:12:41,54.44,1.67,25.2
2021-01-01 06:13:01,54.72,1.67,25.25
2021-01-01 06:13:21,51.46,1.67,25.22
2021-01-01 06:13:42,53.71,1.67,25.18
2021-01-01 06:14:02,55.81,1.67,25.21
2021-01-01 06:14:22,52.75,1.67,25.19
2021-01-01 06:14:42,53.27,1.67,25.29
2021-01-01 06:15:03,54.32,1.67,25.34
2021-01-01 06:15:23,51.42,1.67,25.37
2021-01-01 06:15:43,51.42,1.67,25.39
2021-01-01 06:16:03,53.27,1.67,25.37
2021-01-01 06:16:24,52.83,1.67,25.33
2021-01-01 06:16:44,50.49,1.73,25.37
2021-01-01 06:17:04,54.2,1.67,25.42
2021-01-01 06:17:24,53.03,1.61,25.52
2021-01-01 06:17:44,52.38,1.67,25.48
2021-01-01 06:18:05,53.31,1.67,25.55
2021-01-01 06:18:25,74.71,1.67,25.53
2021-01-01 06:18:45,52.79,1.67,25.52
2021-01-01 06:19:06,53.19,1.67,25.46
2021-01-01 06:19:26,54.16,1.67,25.46
2021-01-01 06:19:46,53.15,1.67,25.54
2021-01-01 06:20:06,69.91,1.67,25.55
2021-01-01 06:20:27,51.98,1.67,25.46
2021-01-01 06:20:47,50.01,1.67,25.49
2021-01-01 06:21:07,53.11,1.67,25.66
2021-01-01 06:21:27,53.35,1.67,25.6
2021-01-01 06:21:48,54.2,1.67,25.58
2021-01-01 06:22:08,51.38,1.67,25.62
2021-01-01 06:22:28,52.99,1.67,25.6
2021-01-01 06:22:48,53.55,1.67,25.75
2021-01-01 06:23:09,53.79,1.67,25.66
2021-01-01 06:23:29,52.99,1.67,25.6
2021-01-01 06:23:49,52.75,1.67,25.65
2021-01-01 06:24:09,53.47,1.67,25.62
2021-01-01 06:24:29,51.98,1.67,25.58
2021-01-01 06:24:50,49.04,1.67,25.62
2021-01-01 06:25:10,53.47,1.67,25.59
2021-01-01 06:25:30,54.08,1.67,25.66
2021-01-01 06:25:50,53.23,1.67,25.69
2021-01-01 06:26:10,51.62,1.67,25.68
2021-01-01 06:26:31,53.15,1.67,25.75
2021-01-01 06:26:51,51.09,1.67,25.75
2021-01-01 06:27:11,53.15,1.67,25.74
2021-01-01 06:27:31,54.4,1.67,25.66
2021-01-01 06:27:51,52.38,1.67,25.72
2021-01-01 06:28:12,50.57,1.67,25.75
2021-01-01 06:28:32,52.38,1.67,25.68
2021-01-01 06:28:52,50.53,1.67,25.76
2021-01-01 06:29:12,54.0,1.67,25.73
2021-01-01 06:29:32,52.75,1.67,25.78
2021-01-01 06:29:53,53.55,1.67,25.86
2021-01-01 06:30:13,51.86,1.67,25.74
2021-01-01 06:30:33,52.75,1.67,25.86
2021-01-01 06:30:53,52.18,1.67,25.88
2021-01-01 06:31:14,53.55,1.67,25.83
2021-01-01 06:31:34,52.59,1.67,25.9
2021-01-01 06:31:54,54.68,1.67,25.88
2021-01-01 06:32:14,54.8,1.67,25.78
2021-01-01 06:32:35,54.48,1.67,25.95
2021-01-01 06:32:55,53.31,1.67,25.98
2021-01-01 06:33:15,52.5,1.67,25.85
2021-01-01 06:33:35,54.2,1.67,25.93
2021-01-01 06:33:56,53.07,1.67,25.8
2021-01-01 06:34:16,55.0,1.67,25.91
2021-01-01 06:34:36,52.54,1.67,25.91
2021-01-01 06:34:56,54.88,1.67,25.91
2021-01-01 06:35:17,54.48,1.67,25.95
2021-01-01 06:35:37,52.06,1.67,25.93
2021-01-01 06:35:57,52.67,1.67,25.92
2021-01-01 06:36:17,54.28,1.67,25.95
2021-01-01 06:36:37,51.86,1.67,26.05
2021-01-01 06:36:58,54.68,1.67,26.01
2021-01-01 06:37:18,53.67,1.67,26.06
2021-01-01 06:37:38,55.28,1.67,25.93
2021-01-01 06:37:58,52.46,1.67,26.02
2021-01-01 06:38:19,54.52,1.67,26.03
2021-01-01 06:38:39,55.57,1.67,26.05
2021-01-01 06:38:59,53.23,1.73,26.06
2021-01-01 06:39:19,53.83,1.67,26.0
2021-01-01 06:39:40,52.22,1.67,26.04
2021-01-01 06:40:00,53.23,1.67,25.96
2021-01-01 06:40:20,51.86,1.67,25.88
2021-01-01 06:40:40,54.92,1.67,25.83
2021-01-01 06:41:01,53.63,1.67,25.9
2021-01-01 06:41:21,52.59,1.67,25.94
2021-01-01 06:41:41,52.06,1.67,25.93
2021-01-01 06:42:01,53.83,1.67,25.88
2021-01-01 06:42:22,52.46,1.67,25.86
2021-01-01 06:42:42,53.39,1.67,25.86
2021-01-01 06:43:02,54.16,1.67,25.7
2021-01-01 06:43:22,53.91,1.67,25.8
2021-01-01 06:43:43,55.04,1.67,25.72
2021-01-01 06:44:03,54.52,1.67,25.64
2021-01-01 06:44:23,53.79,1.67,25.55
2021-01-01 06:44:43,54.92,1.67,25.62
2021-01-01 06:45:03,55.85,1.67,25.45
2021-01-01 06:45:24,54.72,1.67,25.44
2021-01-01 06:45:44,53.95,1.67,25.43
2021-01-01 06:46:04,54.48,1.67,25.3
2021-01-01 06:46:24,55.2,1.67,25.34
2021-01-01 06:46:45,55.85,1.67,25.39
2021-01-01 06:47:05,53.83,1.67,25.24
2021-01-01 06:47:25,53.19,1.67,25.24
2021-01-01 06:47:45,53.39,1.67,24.98
2021-01-01 06:48:05,54.0,1.67,24.94
2021-01-01 06:48:26,52.91,1.67,25.05
2021-01-01 06:48:46,54.72,1.67,24.87
2021-01-01 06:49:06,55.49,1.73,24.95
2021-01-01 06:49:26,54.96,1.67,25.09
2021-01-01 06:49:46,53.67,1.67,25.14
2021-01-01 06:50:07,54.52,1.67,25.12
2021-01-01 06:50:27,53.55,1.67,24.9
2021-01-01 06:50:47,55.49,1.67,24.79
2021-01-01 06:51:07,53.79,1.67,24.74
2021-01-01 06:51:28,54.28,1.67,24.77
2021-01-01 06:51:48,56.94,1.73,24.67
2021-01-01 06:52:08,54.6,1.67,24.61
2021-01-01 06:52:28,53.35,1.73,24.73
2021-01-01 06:52:49,56.09,1.73,24.6
2021-01-01 06:53:09,54.96,1.67,24.62
2021-01-01 06:53:29,55.85,1.73,24.58
2021-01-01 06:53:50,54.84,1.73,24.56
2021-01-01 06:54:10,53.35,1.73,24.73
2021-01-01 06:54:30,53.43,1.73,24.77
2021-01-01 06:54:50,56.29,1.67,24.62
2021-01-01 06:55:11,53.75,1.73,24.77
2021-01-01 06:55:31,54.36,1.73,24.7
2021-01-01 06:55:51,54.76,1.67,24.55
2021-01-01 06:56:11,54.84,1.73,24.73
2021-01-01 06:56:31,54.32,1.73,24.73
2021-01-01 06:56:52,55.69,1.67,24.7
2021-01-01 06:57:12,52.38,1.67,24.66
2021-01-01 06:57:32,55.41,1.73,24.7
2021-01-01 06:57:52,55.16,1.67,24.68
2021-01-01 06:58:13,56.25,1.67,24.71
2021-01-01 06:58:33,55.93,1.67,24.75
2021-01-01 06:58:53,52.75,1.67,24.71
2021-01-01 06:59:13,54.6,1.73,24.69
2021-01-01 06:59:34,53.63,1.67,24.72
2021-01-01 06:59:54,53.67,1.67,24.62
2021-01-01 07:00:14,53.95,1.67,24.69
2021-01-01 07:00:34,51.58,1.73,24.68
2021-01-01 07:00:55,55.97,1.67,24.75
2021-01-01 07:01:15,53.35,1.67,24.67
2021-01-01 07:01:35,53.23,1.67,24.64
2021-01-01 07:01:55,54.64,1.61,24.62
2021-01-01 07:02:16,54.8,1.67,24.72
2021-01-01 07:02:36,53.31,1.67,24.7
2021-01-01 07:02:56,53.67,1.67,24.7
2021-01-01 07:03:16,55.49,1.67,24.74
2021-01-01 07:03:37,51.98,1.67,24.69
2021-01-01 07:03:57,53.03,1.67,24.73
2021-01-01 07:04:17,54.6,1.67,24.8
2021-01-01 07:04:37,54.28,1.67,24.82
2021-01-01 07:04:58,53.19,1.67,24.88
2021-01-01 07:05:18,52.79,1.67,24.89
2021-01-01 07:05:38,54.0,1.67,24.85
2021-01-01 07:05:58,51.42,1.67,24.8
2021-01-01 07:06:19,55.0,1.67,24.87
2021-01-01 07:06:39,55.36,1.67,24.9
2021-01-01 07:06:59,54.64,1.67,24.97
2021-01-01 07:07:19,53.95,1.67,24.95
2021-01-01 07:07:40,55.28,1.67,25.0
2021-01-01 07:08:00,54.96,1.61,25.02
2021-01-01 07:08:20,55.28,1.67,25.02
2021-01-01 07:08:40,54.68,1.61,25.09
2021-01-01 07:09:01,55.36,1.67,25.09
2021-01-01 07:09:21,55.16,1.61,25.05
2021-01-01 07:09:41,54.84,1.61,25.05
2021-01-01 07:10:01,54.0,1.67,25.1
2021-01-01 07:10:22,53.67,1.67,25.08
2021-01-01 07:10:42,54.64,1.67,25.12
2021-01-01 07:11:02,54.92,1.61,25.14
2021-01-01 07:11:22,53.31,1.61,25.13
2021-01-01 07:11:43,51.98,1.67,25.2
2021-01-01 07:12:03,53.03,1.67,25.32
2021-01-01 07:12:23,54.36,1.67,25.25
2021-01-01 07:12:44,53.47,1.67,25.17
2021-01-01 07:13:04,54.2,1.67,25.24
2021-01-01 07:13:24,52.18,1.67,25.23
2021-01-01 07:13:44,50.29,1.61,25.26
2021-01-01 07:14:05,51.94,1.67,25.28
2021-01-01 07:14:25,53.39,1.67,25.29
2021-01-01 07:14:45,53.95,1.67,25.36
2021-01-01 07:15:05,52.46,1.67,25.25
2021-01-01 07:15:26,52.38,1.67,25.41
2021-01-01 07:15:46,52.63,1.67,25.44
2021-01-01 07:16:06,53.87,1.67,25.39
2021-01-01 07:16:26,54.04,1.67,25.44
2021-01-01 07:16:47,51.54,1.67,25.5
2021-01-01 07:17:07,52.38,1.67,25.46
2021-01-01 07:17:27,53.31,1.61,25.52
2021-01-01 07:17:47,53.83,1.67,25.51
2021-01-01 07:18:08,52.59,1.61,25.51
2021-01-01 07:18:28,53.39,1.67,25.6
2021-01-01 07:18:48,52.95,1.67,25.59
2021-01-01 07:19:09,53.07,1.67,25.64
2021-01-01 07:19:29,53.15,1.67,25.6
2021-01-01 07:19:49,53.75,1.61,25.6
2021-01-01 07:20:09,54.76,1.67,25.75
2021-01-01 07:20:30,53.75,1.61,25.75
2021-01-01 07:20:50,53.83,1.61,25.64
2021-01-01 07:21:10,53.19,1.61,25.71
2021-01-01 07:21:30,54.28,1.67,25.71
2021-01-01 07:21:51,53.23,1.61,25.7
2021-01-01 07:22:11,55.0,1.67,25.77
2021-01-01 07:22:31,51.54,1.67,25.71
2021-01-01 07:22:51,52.26,1.61,25.75
2021-01-01 07:23:12,53.47,1.61,25.87
2021-01-01 07:23:32,53.43,1.61,25.78
2021-01-01 07:23:52,53.35,1.67,25.77
2021-01-01 07:24:12,51.38,1.67,25.75
2021-01-01 07:24:33,53.35,1.67,25.82
2021-01-01 07:24:53,51.54,1.67,25.8
2021-01-01 07:25:13,54.72,1.67,25.74
2021-01-01 07:25:33,52.5,1.61,25.8
2021-01-01 07:25:54,53.55,1.67,25.81
2021-01-01 07:26:14,53.35,1.61,25.87
2021-01-01 07:26:34,54.12,1.67,25.87
2021-01-01 07:26:55,52.22,1.67,25.96
2021-01-01 07:27:15,52.18,1.67,25.73
2021-01-01 07:27:35,51.26,1.67,25.82
2021-01-01 07:27:55,53.35,1.67,25.87
2021-01-01 07:28:16,53.35,1.67,25.95
2021-01-01 07:28:36,52.54,1.67,25.88
2021-01-01 07:28:56,53.75,1.67,25.86
2021-01-01 07:29:16,52.1,1.67,25.88
2021-01-01 07:29:37,53.35,1.67,25.91
2021-01-01 07:29:57,53.55,1.67,25.9
2021-01-01 07:30:17,53.83,1.67,25.77
2021-01-01 07:30:38,52.87,1.67,25.85
2021-01-01 07:30:58,54.4,1.61,25.97
2021-01-01 07:31:18,52.26,1.61,26.0
2021-01-01 07:31:39,53.75,1.67,25.91
2021-01-01 07:31:59,51.01,1.67,25.95
2021-01-01 07:32:19,54.56,1.67,26.0
2021-01-01 07:32:39,54.0,1.61,25.93
2021-01-01 07:33:00,51.05,1.67,25.84
2021-01-01 07:33:20,53.35,1.61,25.9
2021-01-01 07:33:40,54.32,1.61,25.83
2021-01-01 07:34:01,54.12,1.67,25.89
2021-01-01 07:34:21,52.46,1.61,25.88
2021-01-01 07:34:41,52.42,1.67,25.84
2021-01-01 07:35:01,52.71,1.67,25.9
2021-01-01 07:35:22,53.07,1.67,25.95
2021-01-01 07:35:42,54.28,1.61,25.87
2021-01-01 07:36:02,53.23,1.67,25.89
2021-01-01 07:36:22,51.86,1.67,25.91
2021-01-01 07:36:43,52.26,1.67,25.93
2021-01-01 07:37:03,53.11,1.67,25.89
2021-01-01 07:37:23,53.23,1.61,26.03
2021-01-01 07:37:43,54.68,1.61,25.98
2021-01-01 07:38:04,53.47,1.67,25.97
2021-01-01 07:38:24,55.65,1.61,25.92
2021-01-01 07:38:44,55.73,1.67,25.98
2021-01-01 07:39:05,53.59,1.67,25.95
2021-01-01 07:39:25,53.75,1.67,25.94
2021-01-01 07:39:45,52.46,1.61,25.88
2021-01-01 07:40:05,52.71,1.67,25.9
2021-01-01 07:40:26,54.96,1.67,25.98
2021-01-01 07:40:46,54.48,1.67,25.95
2021-01-01 07:41:06,55.57,1.67,26.01
2021-01-01 07:41:27,53.91,1.61,25.94
2021-01-01 07:41:47,54.44,1.67,25.93
2021-01-01 07:42:07,53.75,1.61,25.92
2021-01-01 07:42:27,53.87,1.61,25.8
2021-01-01 07:42:48,52.42,1.67,25.88
2021-01-01 07:43:08,55.73,1.61,25.92
2021-01-01 07:43:28,55.93,1.61,25.88
2021-01-01 07:43:48,55.36,1.67,25.7
2021-01-01 07:44:09,54.6,1.67,25.77
2021-01-01 07:44:29,54.8,1.67,25.75
2021-01-01 07:44:49,55.85,1.61,25.7
2021-01-01 07:45:10,56.62,1.61,25.73
2021-01-01 07:45:30,54.76,1.61,25.74
2021-01-01 07:45:50,53.55,1.61,25.7
2021-01-01 07:46:10,55.12,1.61,25.66
2021-01-01 07:46:31,55.57,1.67,25.7
2021-01-01 07:46:51,55.85,1.61,25.7
2021-01-01 07:47:11,53.79,1.61,25.56
2021-01-01 07:47:31,53.51,1.67,25.55
2021-01-01 07:47:52,55.49,1.67,25.5
2021-01-01 07:48:12,54.08,1.67,25.59
2021-01-01 07:48:32,54.0,1.61,25.47
2021-01-01 07:48:52,54.44,1.61,25.35
2021-01-01 07:49:13,52.83,1.67,25.43
2021-01-01 07:49:33,55.45,1.61,25.44
2021-01-01 07:49:53,55.85,1.61,25.38
2021-01-01 07:50:14,55.49,1.61,25.08
2021-01-01 07:50:34,54.08,1.61,24.96
2021-01-01 07:50:54,54.32,1.61,24.84
2021-01-01 07:51:15,53.19,1.61,24.82
2021-01-01 07:51:35,54.92,1.61,24.8
2021-01-01 07:51:55,55.45,1.67,24.76
2021-01-01 07:52:16,55.45,1.61,24.72
2021-01-01 07:52:36,55.93,1.67,24.62
2021-01-01 07:52:56,53.83,1.67,24.59
2021-01-01 07:53:16,54.64,1.67,24.42
2021-01-01 07:53:37,53.15,1.67,24.41
2021-01-01 07:53:57,54.44,1.67,24.45
2021-01-01 07:54:17,53.23,1.67,24.48
2021-01-01 07:54:38,54.08,1.67,24.36
2021-01-01 07:54:58,54.12,1.73,24.4
2021-01-01 07:55:18,53.07,1.67,24.3
2021-01-01 07:55:38,54.64,1.67,24.21
2021-01-01 07:55:59,54.32,1.67,24.22
2021-01-01 07:56:19,55.85,1.67,24.36
2021-01-01 07:56:39,55.85,1.67,24.27
2021-01-01 07:57:00,55.85,1.67,24.27
2021-01-01 07:57:20,55.93,1.73,24.16
2021-01-01 07:57:40,54.16,1.73,24.22
2021-01-01 07:58:00,54.2,1.73,24.21
2021-01-01 07:58:21,55.85,1.73,24.2
2021-01-01 07:58:41,54.76,1.73,24.18
2021-01-01 07:59:01,55.93,1.73,24.3
2021-01-01 07:59:22,53.47,1.73,24.3
2021-01-01 07:59:42,51.14,1.73,24.27
2021-01-01 08:00:02,54.48,1.73,24.2
2021-01-01 08:00:22,54.04,1.73,24.29
2021-01-01 08:00:43,53.87,1.67,24.33
